# Séparation, actif, 45 (Up to date)
# 457 data points written for 3 variables.
# Simulation warnings:
#   Open forward airframe (diameter > 0):  "Transition"
#
# Temps (s),Altitude (m),Distance latérale (m)
# Event IGNITION occurred at t=0 seconds
0,0,0
0.01,0,0
0.02,4.084e-4,0.001
0.03,0.002,0.005
0.04,0.007,0.012
0.05,0.016,0.025
0.06,0.03,0.043
0.07,0.05,0.068
0.075,0.062,0.082
0.082,0.082,0.106
0.092,0.113,0.143
0.102,0.15,0.185
0.112,0.193,0.232
0.122,0.24,0.285
0.132,0.293,0.343
0.143,0.352,0.407
0.15,0.4,0.458
0.16,0.468,0.532
0.17,0.542,0.611
0.18,0.621,0.695
0.19,0.706,0.785
0.2,0.797,0.881
0.21,0.893,0.982
0.22,0.994,1.088
0.23,1.101,1.2
0.24,1.214,1.318
0.25,1.332,1.441
0.26,1.456,1.57
0.27,1.585,1.704
0.28,1.72,1.844
0.29,1.86,1.989
0.3,2.006,2.14
0.31,2.157,2.296
0.32,2.313,2.458
0.33,2.476,2.625
0.34,2.643,2.798
0.35,2.816,2.976
0.365,3.085,3.253
0.388,3.51,3.695
0.421,4.193,4.413
0.471,5.307,5.598
0.5,6.003,6.345
0.543,7.122,7.554
0.593,8.53,9.088
0.643,10.056,10.764
0.693,11.699,12.58
0.743,13.456,14.537
0.793,15.326,16.634
0.843,17.305,18.871
0.893,19.39,21.25
0.943,21.577,23.772
0.993,23.862,26.436
1,24.184,26.814
1.01,24.67,27.385
1.026,25.406,28.254
1.049,26.526,29.584
1.084,28.243,31.636
1.134,30.784,34.707
1.184,33.408,37.923
1.234,36.115,41.281
1.284,38.902,44.78
1.334,41.771,48.416
1.384,44.72,52.187
1.434,47.751,56.089
1.484,50.863,60.12
1.5,51.889,61.454
1.524,53.444,63.48
1.561,55.81,66.574
1.611,59.119,70.923
1.661,62.5,75.397
1.711,65.948,79.996
1.761,69.46,84.72
1.811,73.033,89.567
1.861,76.665,94.535
1.911,80.358,99.622
1.961,84.11,104.823
2,87.094,108.98
2.05,90.953,114.38
2.1,94.868,119.888
2.15,98.836,125.505
2.2,102.854,131.23
2.25,106.918,137.061
2.3,111.028,142.998
2.35,115.182,149.036
2.4,119.381,155.174
2.45,123.624,161.409
2.5,127.91,167.738
2.55,132.235,174.161
2.6,136.597,180.677
2.65,140.993,187.285
2.7,145.423,193.983
2.75,149.886,200.768
2.8,154.382,207.638
2.85,158.909,214.592
2.9,163.465,221.627
2.95,168.049,228.742
3,172.656,235.937
3.05,177.284,243.202
3.1,181.924,250.525
3.15,186.567,257.889
3.2,191.206,265.285
3.25,195.836,272.706
3.3,200.451,280.142
3.35,205.044,287.585
3.4,209.614,295.03
3.45,214.158,302.471
3.5,218.673,309.903
3.55,223.157,317.324
3.6,227.606,324.73
3.65,232.021,332.119
3.7,236.398,339.487
3.75,240.737,346.831
3.8,245.037,354.149
3.85,249.296,361.44
# Event BURNOUT occurred at t=3.9 seconds
3.9,253.516,368.705
3.95,257.695,375.942
4,261.834,383.153
4.05,265.934,390.337
4.1,269.993,397.494
4.15,274.014,404.625
4.2,277.996,411.73
4.25,281.939,418.809
4.3,285.843,425.863
4.35,289.708,432.891
# Event SIM_WARN occurred at t=4.4 seconds: Open forward airframe (diameter > 0):  "Transition"
# Event STAGE_SEPARATION occurred at t=4.4 seconds
4.4,293.536,439.895
4.45,297.316,446.856
4.5,301.039,453.758
4.55,304.707,460.602
4.6,308.321,467.39
4.65,311.88,474.122
4.7,315.386,480.799
4.75,318.84,487.424
4.8,322.242,493.995
4.85,325.593,500.515
4.9,328.893,506.984
4.95,332.144,513.404
5,335.346,519.775
5.05,338.499,526.098
5.1,341.605,532.374
5.15,344.663,538.603
5.2,347.674,544.787
5.25,350.64,550.926
5.3,353.56,557.022
5.35,356.434,563.074
5.4,359.264,569.083
5.45,362.05,575.051
5.5,364.793,580.978
5.55,367.492,586.864
5.6,370.149,592.71
5.65,372.763,598.517
5.7,375.336,604.285
5.75,377.868,610.016
5.8,380.358,615.709
5.85,382.808,621.365
5.9,385.218,626.985
5.95,387.588,632.569
6,389.919,638.118
6.05,392.211,643.632
6.1,394.465,649.112
6.15,396.68,654.559
6.2,398.858,659.972
6.25,400.997,665.352
6.3,403.1,670.701
6.35,405.166,676.017
6.4,407.195,681.302
6.45,409.188,686.556
6.5,411.145,691.78
6.55,413.066,696.973
6.6,414.952,702.137
6.65,416.803,707.272
6.7,418.619,712.377
6.75,420.401,717.455
6.8,422.148,722.504
6.85,423.862,727.525
6.9,425.541,732.519
6.95,427.187,737.485
7,428.8,742.426
7.05,430.38,747.339
7.1,431.928,752.227
7.15,433.442,757.089
7.2,434.925,761.925
7.25,436.375,766.736
7.3,437.793,771.523
7.35,439.18,776.285
7.4,440.536,781.023
7.45,441.86,785.737
7.5,443.153,790.427
7.55,444.415,795.094
7.6,445.647,799.738
7.65,446.848,804.359
7.7,448.02,808.957
7.75,449.161,813.533
7.8,450.272,818.088
7.85,451.353,822.62
7.9,452.405,827.13
7.95,453.428,831.62
8,454.421,836.088
8.05,455.385,840.535
8.1,456.321,844.962
8.15,457.228,849.368
8.2,458.106,853.754
8.25,458.956,858.12
8.3,459.777,862.467
8.35,460.571,866.793
8.4,461.337,871.101
8.45,462.074,875.389
8.5,462.785,879.658
8.55,463.467,883.908
8.6,464.123,888.14
8.65,464.751,892.353
8.7,465.352,896.548
8.75,465.926,900.724
8.8,466.473,904.883
8.85,466.994,909.025
8.9,467.487,913.148
8.95,467.955,917.254
9,468.396,921.343
9.05,468.811,925.415
9.1,469.2,929.47
9.15,469.562,933.508
9.2,469.899,937.529
9.25,470.211,941.534
9.3,470.496,945.523
9.35,470.756,949.495
9.4,470.991,953.452
9.45,471.2,957.392
9.5,471.384,961.317
9.55,471.543,965.226
9.6,471.677,969.12
9.65,471.786,972.998
9.7,471.87,976.86
9.75,471.929,980.708
9.8,471.964,984.541
# Event APOGEE occurred at t=9.85 seconds
9.85,471.975,988.359
9.9,471.961,992.162
9.95,471.922,995.95
10,471.86,999.724
10.05,471.773,1003.483
10.1,471.662,1007.228
10.15,471.527,1010.959
10.2,471.369,1014.675
10.25,471.186,1018.378
10.3,470.98,1022.067
10.35,470.751,1025.741
10.4,470.497,1029.403
10.45,470.221,1033.05
10.5,469.921,1036.684
10.55,469.597,1040.305
10.6,469.251,1043.912
10.65,468.881,1047.506
10.7,468.489,1051.087
10.75,468.073,1054.654
10.8,467.635,1058.209
10.85,467.174,1061.751
10.9,466.69,1065.28
10.95,466.183,1068.796
11,465.654,1072.3
11.05,465.103,1075.791
11.1,464.529,1079.27
11.15,463.933,1082.736
11.2,463.314,1086.19
11.25,462.673,1089.631
11.3,462.01,1093.06
11.35,461.326,1096.478
11.4,460.619,1099.883
11.45,459.89,1103.276
11.5,459.14,1106.657
11.55,458.367,1110.026
11.6,457.573,1113.383
11.65,456.758,1116.729
11.7,455.921,1120.063
11.75,455.062,1123.386
11.8,454.182,1126.696
11.85,453.281,1129.996
11.9,452.358,1133.284
11.95,451.415,1136.56
12,450.45,1139.825
12.05,449.464,1143.079
12.1,448.457,1146.322
12.15,447.429,1149.554
12.2,446.381,1152.774
12.25,445.311,1155.983
12.3,444.221,1159.182
12.35,443.11,1162.369
12.4,441.979,1165.545
12.45,440.827,1168.711
12.5,439.654,1171.866
12.55,438.462,1175.01
12.6,437.249,1178.143
12.65,436.015,1181.265
12.7,434.762,1184.377
12.75,433.488,1187.478
12.8,432.194,1190.569
12.85,430.88,1193.649
12.9,429.546,1196.719
12.95,428.193,1199.778
13,426.819,1202.827
13.05,425.426,1205.865
13.1,424.013,1208.893
13.15,422.58,1211.911
13.2,421.128,1214.919
13.25,419.657,1217.916
13.3,418.166,1220.903
13.35,416.655,1223.88
13.4,415.126,1226.847
13.45,413.577,1229.803
13.5,412.009,1232.75
13.55,410.421,1235.687
13.6,408.815,1238.613
13.65,407.19,1241.53
13.7,405.546,1244.437
13.75,403.883,1247.333
13.8,402.202,1250.22
13.85,400.501,1253.097
13.9,398.783,1255.965
13.95,397.045,1258.822
14,395.289,1261.67
14.05,393.515,1264.508
14.1,391.722,1267.336
14.15,389.911,1270.155
14.2,388.082,1272.964
14.25,386.234,1275.763
14.3,384.369,1278.553
14.35,382.485,1281.333
14.4,380.584,1284.104
14.45,378.664,1286.865
14.5,376.727,1289.617
14.55,374.772,1292.359
14.6,372.8,1295.092
14.65,370.81,1297.815
14.7,368.802,1300.529
14.75,366.777,1303.234
14.8,364.734,1305.929
14.85,362.674,1308.615
14.9,360.597,1311.292
14.95,358.502,1313.959
15,356.391,1316.617
15.05,354.262,1319.265
15.1,352.116,1321.905
15.15,349.954,1324.535
15.2,347.774,1327.156
15.25,345.578,1329.768
15.3,343.365,1332.371
15.35,341.135,1334.964
15.4,338.889,1337.549
15.45,336.626,1340.124
15.5,334.346,1342.691
15.55,332.051,1345.248
15.6,329.739,1347.796
15.65,327.41,1350.335
15.7,325.066,1352.865
15.75,322.705,1355.386
15.8,320.329,1357.899
15.85,317.936,1360.402
15.9,315.528,1362.896
15.95,313.104,1365.382
16,310.663,1367.858
16.05,308.208,1370.326
16.1,305.736,1372.784
16.15,303.249,1375.234
16.2,300.747,1377.675
16.25,298.229,1380.108
16.3,295.696,1382.531
16.35,293.148,1384.946
16.4,290.584,1387.352
16.45,288.006,1389.749
16.5,285.412,1392.137
16.55,282.803,1394.517
16.6,280.18,1396.888
16.65,277.541,1399.251
16.7,274.888,1401.604
16.75,272.22,1403.949
16.8,269.537,1406.286
16.85,266.84,1408.614
16.9,264.129,1410.933
16.95,261.403,1413.243
17,258.663,1415.546
17.05,255.908,1417.839
17.1,253.139,1420.124
17.15,250.356,1422.401
17.2,247.559,1424.669
17.25,244.749,1426.928
17.3,241.924,1429.179
17.35,239.085,1431.422
17.4,236.233,1433.656
17.45,233.367,1435.882
17.5,230.487,1438.099
17.55,227.594,1440.308
17.6,224.687,1442.508
17.65,221.767,1444.701
17.7,218.833,1446.885
17.75,215.887,1449.06
17.8,212.927,1451.227
17.85,209.954,1453.386
17.9,206.968,1455.537
17.95,203.969,1457.68
18,200.957,1459.814
18.05,197.932,1461.94
18.1,194.895,1464.058
18.15,191.844,1466.167
18.2,188.782,1468.269
18.25,185.706,1470.362
18.3,182.618,1472.447
18.35,179.518,1474.524
18.4,176.406,1476.593
18.45,173.281,1478.654
18.5,170.144,1480.706
18.55,166.995,1482.751
18.6,163.833,1484.787
18.65,160.66,1486.816
18.7,157.475,1488.837
18.75,154.278,1490.849
18.8,151.07,1492.854
18.85,147.849,1494.85
18.9,144.617,1496.839
18.95,141.374,1498.82
19,138.119,1500.793
19.05,134.852,1502.758
19.1,131.574,1504.715
19.15,128.285,1506.664
19.2,124.985,1508.605
19.25,121.674,1510.539
19.3,118.351,1512.465
19.35,115.018,1514.383
19.4,111.673,1516.293
19.45,108.318,1518.195
19.5,104.952,1520.09
19.55,101.575,1521.977
19.6,98.187,1523.856
19.65,94.789,1525.728
19.7,91.381,1527.592
19.75,87.962,1529.448
19.8,84.532,1531.297
19.85,81.093,1533.138
19.9,77.643,1534.972
19.95,74.183,1536.797
20,70.712,1538.616
20.05,67.232,1540.427
20.1,63.742,1542.23
20.15,60.241,1544.026
20.2,56.731,1545.814
20.25,53.212,1547.595
20.3,49.682,1549.368
20.35,46.143,1551.134
20.4,42.594,1552.893
20.45,39.036,1554.644
20.5,35.468,1556.388
20.55,31.891,1558.124
20.6,28.304,1559.853
20.65,24.709,1561.575
20.7,21.104,1563.289
20.75,17.49,1564.997
20.8,13.866,1566.697
20.85,10.234,1568.389
20.9,6.593,1570.075
20.95,2.943,1571.753
# Event GROUND_HIT occurred at t=21 seconds
# Event SIMULATION_END occurred at t=21 seconds
21,-0.715,1573.424
