# Séparation, actif, 80 (Up to date)
# 629 data points written for 3 variables.
# Simulation warnings:
#   Deploiement du systeme de recuperation à grande vitesse (32,4 m/s):  "Parachute"
#   Open forward airframe (diameter > 0):  "Transition"
#
# Temps (s),Altitude (m),Distance latérale (m)
# Event IGNITION occurred at t=0 seconds
# Event LAUNCH occurred at t=0 seconds
0,0,0
0.01,0,0
0.02,8.252e-4,2.606e-4
0.03,0.004,0.001
0.04,0.012,0.003
# Event LIFTOFF occurred at t=0.05 seconds
0.05,0.026,0.006
0.06,0.047,0.011
0.07,0.076,0.016
0.075,0.094,0.02
0.082,0.123,0.025
0.092,0.168,0.034
0.102,0.22,0.044
0.112,0.28,0.055
0.122,0.347,0.068
0.132,0.421,0.082
0.143,0.503,0.097
0.15,0.569,0.109
0.16,0.664,0.126
0.17,0.766,0.145
0.18,0.875,0.165
0.19,0.992,0.187
0.2,1.117,0.209
0.21,1.249,0.233
0.22,1.388,0.258
0.23,1.535,0.285
0.24,1.689,0.313
0.25,1.851,0.342
0.26,2.02,0.373
0.27,2.196,0.405
0.28,2.38,0.438
0.29,2.571,0.472
0.3,2.77,0.508
0.31,2.976,0.545
0.32,3.189,0.583
0.33,3.41,0.623
0.34,3.638,0.664
0.35,3.873,0.706
# Event LAUNCHROD occurred at t=0.36 seconds
0.36,4.116,0.749
0.375,4.493,0.817
0.398,5.09,0.925
0.431,6.053,1.101
0.481,7.63,1.39
0.5,8.267,1.508
0.528,9.269,1.694
0.57,10.877,1.993
0.62,12.942,2.381
0.67,15.18,2.802
0.72,17.59,3.258
0.77,20.168,3.749
0.82,22.914,4.274
0.87,25.826,4.835
0.92,28.902,5.43
0.97,32.139,6.062
1,34.138,6.454
1.045,37.24,7.066
1.095,40.871,7.789
1.145,44.657,8.549
1.195,48.595,9.347
1.245,52.683,10.182
1.295,56.918,11.053
1.345,61.299,11.961
1.395,65.822,12.904
1.445,70.487,13.882
1.495,75.29,14.892
1.5,75.824,15.004
1.508,76.627,15.174
1.521,77.84,15.43
1.539,79.673,15.817
1.567,82.458,16.406
1.608,86.711,17.309
1.658,91.952,18.425
1.708,97.322,19.574
1.758,102.817,20.755
1.808,108.436,21.97
1.858,114.176,23.217
1.908,120.035,24.496
1.958,126.01,25.807
2,131.096,26.926
2.05,137.279,28.291
2.1,143.573,29.685
2.15,149.974,31.108
2.2,156.48,32.559
2.25,163.089,34.039
2.3,169.799,35.548
2.35,176.607,37.086
2.4,183.511,38.651
2.45,190.508,40.242
2.5,197.596,41.86
2.55,204.774,43.502
2.6,212.039,45.17
2.65,219.388,46.863
2.7,226.82,48.582
2.75,234.332,50.325
2.8,241.923,52.092
2.85,249.59,53.883
2.9,257.331,55.696
2.95,265.145,57.532
3,273.028,59.39
3.05,280.972,61.268
3.1,288.96,63.163
3.15,296.977,65.07
3.2,305.011,66.988
3.25,313.052,68.912
3.3,321.09,70.842
3.35,329.116,72.774
3.4,337.123,74.709
3.45,345.106,76.643
3.5,353.06,78.576
3.55,360.979,80.507
3.6,368.862,82.435
3.65,376.706,84.359
3.7,384.506,86.278
3.75,392.258,88.192
3.8,399.962,90.099
3.85,407.616,92.001
# Event BURNOUT occurred at t=3.9 seconds
3.9,415.22,93.896
3.95,422.774,95.785
4,430.277,97.667
4.05,437.731,99.542
4.1,445.135,101.412
4.15,452.491,103.275
4.2,459.797,105.132
4.25,467.056,106.984
4.3,474.266,108.829
4.35,481.429,110.668
# Event STAGE_SEPARATION occurred at t=4.4 seconds
4.4,488.544,112.501
4.45,495.609,114.327
4.5,502.622,116.147
4.55,509.582,117.959
4.6,516.491,119.764
4.65,523.348,121.561
4.7,530.154,123.352
4.75,536.91,125.136
4.8,543.616,126.914
4.85,550.272,128.684
# Event IGNITION occurred at t=4.9 seconds
4.9,556.879,130.448
4.95,563.483,132.218
5,570.235,134.034
5.05,577.159,135.903
5.1,584.255,137.825
5.15,591.525,139.802
5.2,598.973,141.833
5.25,606.598,143.919
5.3,614.401,146.061
5.35,622.383,148.259
5.4,630.543,150.512
5.45,638.881,152.822
5.5,647.396,155.187
5.55,656.088,157.609
5.6,664.954,160.086
5.65,673.992,162.618
5.7,683.198,165.204
5.75,692.569,167.843
5.8,702.1,170.534
5.85,711.788,173.276
5.9,721.628,176.069
5.95,731.616,178.91
6,741.748,181.8
6.05,752.022,184.737
6.1,762.432,187.72
6.15,772.975,190.748
6.2,783.648,193.821
6.25,794.446,196.937
6.3,805.364,200.094
6.35,816.398,203.292
6.4,827.543,206.53
6.45,838.795,209.805
6.5,850.15,213.118
6.55,861.602,216.467
6.6,873.149,219.85
6.65,884.786,223.266
6.7,896.504,226.714
6.75,908.279,230.186
6.8,920.081,233.673
6.85,931.882,237.167
6.9,943.655,240.66
6.95,955.373,244.144
7,967.027,247.616
7.05,978.608,251.074
7.1,990.108,254.515
7.15,1001.519,257.936
# Event BURNOUT occurred at t=7.16 seconds
7.16,1003.79,258.618
7.175,1007.188,259.639
7.198,1012.267,261.166
7.231,1019.845,263.447
7.281,1030.984,266.805
7.331,1042.017,270.14
7.381,1052.949,273.451
7.431,1063.78,276.739
7.481,1074.511,280.004
7.531,1085.145,283.247
7.581,1095.684,286.468
7.631,1106.127,289.668
7.681,1116.478,292.846
7.731,1126.737,296.004
7.781,1136.906,299.142
7.831,1146.986,302.26
7.881,1156.978,305.358
7.931,1166.883,308.437
7.981,1176.704,311.497
8.031,1186.441,314.539
8.081,1196.094,317.562
8.131,1205.666,320.567
8.181,1215.158,323.555
8.231,1224.57,326.525
8.281,1233.903,329.478
8.331,1243.159,332.415
8.381,1252.338,335.335
8.431,1261.442,338.238
8.481,1270.471,341.126
8.531,1279.426,343.997
8.581,1288.309,346.854
8.631,1297.119,349.695
8.681,1305.859,352.521
8.731,1314.528,355.332
8.781,1323.128,358.128
8.831,1331.659,360.91
8.881,1340.122,363.678
8.931,1348.518,366.432
8.981,1356.848,369.172
9.031,1365.112,371.899
9.081,1373.311,374.612
9.131,1381.446,377.312
9.181,1389.518,379.999
9.231,1397.526,382.673
9.281,1405.473,385.335
9.331,1413.357,387.984
9.381,1421.181,390.62
9.431,1428.944,393.245
9.481,1436.648,395.858
9.531,1444.292,398.459
9.581,1451.878,401.048
9.631,1459.406,403.626
9.681,1466.876,406.192
9.731,1474.29,408.748
9.781,1481.647,411.292
9.831,1488.948,413.825
9.881,1496.194,416.348
9.931,1503.385,418.86
9.981,1510.521,421.362
10.031,1517.604,423.853
10.081,1524.633,426.334
10.131,1531.609,428.805
10.181,1538.533,431.266
10.231,1545.405,433.717
10.281,1552.225,436.159
10.331,1558.994,438.59
10.381,1565.712,441.013
10.431,1572.38,443.426
10.481,1578.998,445.83
10.531,1585.566,448.224
10.581,1592.086,450.61
10.631,1598.556,452.987
10.681,1604.978,455.355
10.731,1611.353,457.714
10.781,1617.679,460.065
10.831,1623.959,462.407
10.881,1630.191,464.741
10.931,1636.377,467.066
10.981,1642.517,469.384
11.031,1648.61,471.693
11.081,1654.659,473.994
11.131,1660.662,476.287
11.181,1666.62,478.573
11.231,1672.533,480.85
11.281,1678.403,483.121
11.331,1684.228,485.383
11.381,1690.01,487.638
11.431,1695.748,489.886
11.481,1701.443,492.126
11.531,1707.096,494.359
11.581,1712.706,496.585
11.631,1718.274,498.804
11.681,1723.8,501.016
11.731,1729.284,503.221
11.781,1734.727,505.419
11.831,1740.128,507.61
11.881,1745.489,509.795
11.931,1750.809,511.973
11.981,1756.089,514.145
12.031,1761.329,516.31
12.081,1766.528,518.468
12.131,1771.688,520.621
12.181,1776.809,522.767
12.231,1781.89,524.907
12.281,1786.933,527.04
12.331,1791.937,529.168
12.381,1796.902,531.289
12.431,1801.829,533.405
12.481,1806.718,535.515
12.531,1811.569,537.619
12.581,1816.382,539.717
12.631,1821.158,541.81
12.681,1825.896,543.897
12.731,1830.598,545.978
12.781,1835.262,548.054
12.831,1839.89,550.124
12.881,1844.482,552.189
12.931,1849.037,554.249
12.981,1853.556,556.303
13.031,1858.039,558.352
13.081,1862.487,560.396
13.131,1866.899,562.435
13.181,1871.275,564.468
13.231,1875.616,566.497
13.281,1879.922,568.52
13.331,1884.194,570.539
13.381,1888.43,572.553
13.431,1892.632,574.562
13.481,1896.8,576.566
13.531,1900.934,578.566
13.581,1905.033,580.56
13.631,1909.098,582.551
13.681,1913.13,584.536
13.731,1917.128,586.517
13.781,1921.093,588.494
13.831,1925.024,590.466
13.881,1928.922,592.433
13.931,1932.787,594.397
13.981,1936.619,596.355
14.031,1940.419,598.31
14.081,1944.186,600.261
14.131,1947.92,602.207
14.181,1951.622,604.149
14.231,1955.291,606.087
14.281,1958.929,608.021
14.331,1962.535,609.95
14.381,1966.109,611.876
14.431,1969.651,613.798
14.481,1973.161,615.716
14.531,1976.64,617.63
14.581,1980.088,619.54
14.631,1983.504,621.447
14.681,1986.89,623.35
14.731,1990.244,625.249
14.781,1993.567,627.144
14.831,1996.86,629.035
14.881,2000.122,630.923
14.931,2003.353,632.808
14.981,2006.554,634.688
15.031,2009.725,636.566
15.081,2012.865,638.44
15.131,2015.975,640.31
15.181,2019.055,642.177
15.231,2022.105,644.04
15.281,2025.126,645.901
15.331,2028.116,647.757
15.381,2031.077,649.611
15.431,2034.008,651.461
15.481,2036.91,653.308
15.531,2039.783,655.152
15.581,2042.626,656.993
15.631,2045.44,658.831
15.681,2048.225,660.665
15.731,2050.981,662.497
15.781,2053.708,664.325
15.831,2056.406,666.15
15.881,2059.075,667.973
15.931,2061.716,669.792
15.981,2064.328,671.608
16.031,2066.911,673.422
16.081,2069.466,675.233
16.131,2071.993,677.04
16.181,2074.492,678.845
16.231,2076.962,680.648
16.281,2079.404,682.447
16.331,2081.818,684.244
16.381,2084.204,686.037
16.431,2086.562,687.829
16.481,2088.892,689.617
16.531,2091.195,691.403
16.581,2093.47,693.186
16.631,2095.717,694.967
16.681,2097.936,696.745
16.731,2100.129,698.521
16.781,2102.293,700.294
16.831,2104.43,702.064
16.881,2106.54,703.832
16.931,2108.623,705.598
16.981,2110.679,707.361
17.031,2112.707,709.122
17.081,2114.709,710.88
17.131,2116.683,712.636
17.181,2118.63,714.389
17.231,2120.551,716.141
17.281,2122.445,717.89
17.331,2124.312,719.636
17.381,2126.152,721.381
17.431,2127.966,723.123
17.481,2129.753,724.863
17.531,2131.513,726.6
17.581,2133.247,728.336
17.631,2134.955,730.069
17.681,2136.636,731.8
17.731,2138.29,733.529
17.781,2139.919,735.256
17.831,2141.521,736.981
17.881,2143.097,738.704
17.931,2144.647,740.425
17.981,2146.171,742.143
18.031,2147.669,743.86
18.081,2149.141,745.574
18.131,2150.587,747.287
18.181,2152.007,748.998
18.231,2153.401,750.706
18.281,2154.769,752.413
18.331,2156.111,754.118
18.381,2157.428,755.82
18.431,2158.719,757.521
18.481,2159.985,759.22
18.531,2161.225,760.918
18.581,2162.439,762.613
18.631,2163.628,764.307
18.681,2164.791,765.998
18.731,2165.929,767.688
18.781,2167.041,769.376
18.831,2168.128,771.062
18.881,2169.19,772.747
18.931,2170.226,774.43
18.981,2171.238,776.111
19.031,2172.223,777.79
19.081,2173.184,779.468
19.131,2174.12,781.143
19.181,2175.03,782.818
19.231,2175.916,784.49
19.281,2176.776,786.161
19.331,2177.612,787.83
19.381,2178.422,789.498
19.431,2179.208,791.164
19.481,2179.968,792.828
19.531,2180.704,794.491
19.581,2181.415,796.152
19.631,2182.101,797.811
19.681,2182.763,799.469
19.731,2183.399,801.126
19.781,2184.011,802.781
19.831,2184.598,804.434
19.881,2185.161,806.086
19.931,2185.699,807.736
19.981,2186.212,809.385
20.031,2186.701,811.033
20.081,2187.165,812.678
20.131,2187.605,814.323
20.181,2188.02,815.966
20.231,2188.41,817.607
20.281,2188.777,819.248
20.331,2189.119,820.886
20.381,2189.436,822.523
20.431,2189.729,824.159
20.481,2189.998,825.794
20.531,2190.242,827.427
20.581,2190.463,829.059
20.631,2190.658,830.689
20.681,2190.83,832.318
20.731,2190.977,833.946
20.781,2191.101,835.572
20.831,2191.2,837.197
20.881,2191.274,838.821
20.931,2191.325,840.443
20.981,2191.352,842.065
# Event APOGEE occurred at t=21.031 seconds
21.031,2191.354,843.684
# Event RECOVERY_DEVICE_DEPLOYMENT occurred at t=21.032 seconds
# Event SIM_WARN occurred at t=21.081 seconds: Deploiement du systeme de recuperation à grande vitesse (32,4 m/s):  "Parachute"
21.081,2191.332,845.303
21.159,2191.251,847.788
21.239,2191.108,850.293
21.321,2190.898,852.817
21.405,2190.618,855.359
21.492,2190.263,857.917
21.582,2189.828,860.49
21.674,2189.311,863.075
21.768,2188.705,865.671
21.865,2188.007,868.276
21.964,2187.212,870.889
22.066,2186.315,873.508
22.17,2185.311,876.132
22.277,2184.195,878.76
22.387,2182.961,881.389
22.499,2181.605,884.02
22.614,2180.12,886.651
22.733,2178.5,889.282
22.854,2176.739,891.912
22.979,2174.827,894.542
23.107,2172.759,897.17
23.238,2170.523,899.798
23.374,2168.111,902.425
23.514,2165.51,905.053
23.658,2162.709,907.681
23.807,2159.691,910.311
23.962,2156.44,912.944
24.122,2152.937,915.582
24.289,2149.16,918.225
24.463,2145.082,920.875
24.645,2140.673,923.535
24.836,2135.897,926.205
25.038,2130.71,928.889
25.251,2125.061,931.588
25.478,2118.888,934.304
25.72,2112.114,937.041
25.981,2104.642,939.801
26.263,2096.353,942.586
26.572,2087.091,945.399
26.912,2076.651,948.241
27.292,2064.76,951.115
27.723,2051.033,954.02
28.221,2034.92,956.954
28.721,2018.502,959.499
29.221,2001.914,961.692
29.721,1985.198,963.578
30.221,1968.389,965.199
30.721,1951.513,966.59
31.221,1934.59,967.784
31.721,1917.636,968.807
32.221,1900.661,969.684
32.721,1883.676,970.435
33.221,1866.686,971.078
33.721,1849.696,971.628
34.221,1832.711,972.099
34.721,1815.732,972.502
35.221,1798.761,972.847
35.721,1781.801,973.141
36.221,1764.852,973.394
36.721,1747.916,973.609
37.221,1730.992,973.793
37.721,1714.081,973.951
38.221,1697.183,974.085
38.721,1680.299,974.2
39.221,1663.428,974.298
39.721,1646.572,974.382
40.221,1629.729,974.454
40.721,1612.9,974.515
41.221,1596.085,974.567
41.721,1579.284,974.612
42.221,1562.496,974.65
42.721,1545.722,974.682
43.221,1528.963,974.71
43.721,1512.216,974.733
44.221,1495.484,974.754
44.721,1478.765,974.771
45.221,1462.059,974.785
45.721,1445.368,974.798
46.221,1428.691,974.809
46.721,1412.027,974.818
47.221,1395.378,974.825
47.721,1378.742,974.832
48.221,1362.121,974.838
48.721,1345.513,974.842
49.221,1328.92,974.846
49.721,1312.34,974.85
50.221,1295.774,974.853
50.721,1279.222,974.855
51.221,1262.684,974.857
51.721,1246.159,974.859
52.221,1229.648,974.861
52.721,1213.15,974.862
53.221,1196.666,974.863
53.721,1180.195,974.864
54.221,1163.738,974.865
54.721,1147.294,974.866
55.221,1130.863,974.866
55.721,1114.446,974.867
56.221,1098.042,974.867
56.721,1081.65,974.867
57.221,1065.272,974.868
57.721,1048.907,974.868
58.221,1032.555,974.868
58.721,1016.216,974.868
59.221,999.89,974.868
59.721,983.576,974.868
60.221,967.275,974.869
60.721,950.988,974.869
61.221,934.713,974.869
61.721,918.452,974.869
62.221,902.204,974.869
62.721,885.969,974.869
63.221,869.747,974.869
63.721,853.539,974.869
64.221,837.343,974.869
64.721,821.161,974.869
65.221,804.991,974.869
65.721,788.835,974.869
66.221,772.691,974.869
66.721,756.56,974.869
67.221,740.443,974.869
67.721,724.337,974.869
68.221,708.245,974.869
68.721,692.165,974.869
69.221,676.098,974.869
69.721,660.044,974.869
70.221,644.002,974.869
70.721,627.972,974.869
71.221,611.955,974.869
71.721,595.951,974.869
72.221,579.958,974.869
72.721,563.978,974.869
73.221,548.01,974.869
73.721,532.055,974.869
74.221,516.111,974.869
74.721,500.18,974.869
75.221,484.261,974.869
75.721,468.353,974.869
76.221,452.459,974.869
76.721,436.576,974.869
77.221,420.706,974.869
77.721,404.848,974.869
78.221,389.003,974.868
78.721,373.17,974.868
79.221,357.349,974.868
79.721,341.541,974.868
80.221,325.745,974.868
80.721,309.961,974.868
81.221,294.19,974.868
81.721,278.431,974.868
82.221,262.684,974.868
82.721,246.949,974.868
83.221,231.225,974.868
83.721,215.514,974.868
84.221,199.815,974.868
84.721,184.128,974.868
85.221,168.453,974.868
85.721,152.789,974.868
86.221,137.138,974.868
86.721,121.498,974.868
87.221,105.869,974.868
87.721,90.253,974.868
88.221,74.648,974.868
88.721,59.054,974.868
89.221,43.472,974.868
89.721,27.901,974.868
90.221,12.342,974.868
# Event GROUND_HIT occurred at t=90.618 seconds
# Event SIMULATION_END occurred at t=90.618 seconds
90.618,0,974.868
